-- ============================================
-- 智慧医养大数据公共服务平台医生服务系统 初始化数据
-- ============================================

-- ============================================
-- 智慧医养大数据公共服务平台医生服务系统 初始化数据（增强版）
-- ============================================

-- ===== 1. 角色 =====
INSERT IGNORE INTO sys_role (id, role_name, role_code, description) VALUES
(1, '系统管理员', 'ADMIN', '系统管理员，拥有所有权限'),
(2, '医生', 'DOCTOR', '医生角色，负责老人健康管理'),
(3, '护士', 'NURSE', '护士角色，协助医生工作');

-- ===== 2. 系统用户 =====
INSERT IGNORE INTO sys_user (id, username, password, real_name, phone, user_type, status) VALUES
(1, 'admin', 'admin123', '系统管理员', '13800000001', 1, 1),
(2, 'doctor01', 'doctor123', '张医生', '13800000002', 2, 1),
(3, 'doctor02', 'doctor123', '李医生', '13800000003', 2, 1),
(4, 'doctor03', 'doctor123', '王医生', '13800000004', 2, 1),
(5, 'nurse01', 'nurse123', '刘护士', '13800000005', 3, 1),
(6, 'nurse02', 'nurse123', '陈护士', '13800000006', 3, 1),
(7, 'nurse03', 'nurse123', '赵护士', '13800000007', 3, 1);

-- 关联角色
INSERT IGNORE INTO sys_user_role (user_id, role_id) VALUES (1, 1), (2, 2), (3, 2), (4, 2), (5, 3), (6, 3), (7, 3);

-- ===== 3. 医生信息 =====
INSERT IGNORE INTO doctor_info (id, user_id, name, gender, title, department, specialty, hospital) VALUES
(1, 2, '张医生', 1, '主治医师', '全科', '老年病、高血压、糖尿病', '幸福社区卫生服务中心'),
(2, 3, '李医生', 1, '副主任医师', '心内科', '冠心病、心力衰竭、心律失常', '市第一人民医院'),
(3, 4, '王医生', 2, '主治医师', '康复科', '脑卒中康复、骨关节康复', '市第二人民医院');

-- ===== 4. 老人信息（20人） =====
INSERT IGNORE INTO elder_info (id, name, gender, birth_date, id_card, phone, address, community, emergency_contact, emergency_phone, doctor_id, account_status) VALUES
(1,  '王大爷',   1, '1945-03-15', '110101194503151234', '13900001111', '幸福路100号',    '幸福社区', '王小明', '13900001112', 1, 1),
(2,  '李奶奶',   2, '1948-07-22', '110101194807222345', '13900002222', '和平路200号',    '和平社区', '李华',   '13900002223', 1, 1),
(3,  '赵大爷',   1, '1942-11-08', '110101194211083456', '13900003333', '建设路300号',    '建设社区', '赵刚',   '13900003334', 1, 1),
(4,  '刘奶奶',   2, '1950-02-14', '110101195002144567', '13900004444', '阳光街50号',     '阳光社区', '刘强',   '13900004445', 1, 1),
(5,  '陈大爷',   1, '1940-09-30', '110101194009305678', '13900005555', '解放路10号',     '解放社区', '陈明',   '13900005556', 2, 1),
(6,  '杨奶奶',   2, '1951-12-01', '110101195112016789', '13900006666', '人民路88号',     '人民社区', '杨芳',   '13900006667', 2, 1),
(7,  '周大爷',   1, '1939-06-18', '110101193906187890', '13900007777', '文化路66号',     '文化社区', '周伟',   '13900007778', 2, 1),
(8,  '吴奶奶',   2, '1947-04-25', '110101194704258901', '13900008888', '东风街32号',     '东风社区', '吴婷',   '13900008889', 1, 1),
(9,  '孙大爷',   1, '1944-08-12', '110101194408129012', '13900009999', '立新路77号',     '立新社区', '孙浩',   '13900009990', 3, 1),
(10, '黄奶奶',   2, '1949-11-05', '110101194911050123', '13900010001', '胜利路55号',     '胜利社区', '黄斌',   '13900010002', 3, 1),
(11, '胡大爷',   1, '1943-01-20', '110101194301202345', '13900011001', '前进路120号',    '前进社区', '胡敏',   '13900011002', 1, 1),
(12, '林奶奶',   2, '1952-05-30', '110101195205304567', '13900012001', '新兴街88号',     '新兴社区', '林涛',   '13900012002', 1, 1),
(13, '何大爷',   1, '1941-07-15', '110101194107156789', '13900013001', '曙光路200号',    '曙光社区', '何亮',   '13900013002', 3, 1),
(14, '马奶奶',   2, '1946-10-08', '110101194610088901', '13900014001', '朝阳路150号',    '朝阳社区', '马丽',   '13900014002', 2, 1),
(15, '朱大爷',   1, '1948-03-22', '110101194803221234', '13900015001', '振兴路80号',     '振兴社区', '朱峰',   '13900015002', 1, 1),
(16, '徐奶奶',   2, '1953-09-18', '110101195309183456', '13900016001', '建设北路99号',   '建设社区', '徐静',   '13900016002', 1, 1),
(17, '高大爷',   1, '1940-12-30', '110101194012305678', '13900017001', '花园路55号',     '花园社区', '高飞',   '13900017002', 2, 1),
(18, '罗奶奶',   2, '1949-06-06', '110101194906067890', '13900018001', '永安街33号',     '永安社区', '罗兰',   '13900018002', 3, 1),
(19, '梁大爷',   1, '1944-04-15', '110101194404150123', '13900019001', '幸福路200号',    '幸福社区', '梁宇',   '13900019002', 1, 1),
(20, '宋奶奶',   2, '1951-08-25', '110101195108252345', '13900020001', '和平路300号',    '和平社区', '宋阳',   '13900020002', 1, 1);

-- ===== 5. 健康档案 =====
INSERT IGNORE INTO health_record (id, elder_id, record_no, blood_type, height, weight, medical_history, allergy_history, current_medication) VALUES
(1,  1,  'HR001', 'A',  170.00, 68.50, '高血压10年,冠心病5年',        '青霉素过敏',              '硝苯地平片10mg/日,阿司匹林100mg/日'),
(2,  2,  'HR002', 'B',  158.00, 55.00, '糖尿病8年,骨质疏松',           '无',                      '二甲双胍500mg每日2次'),
(3,  3,  'HR003', 'O',  175.00, 72.00, '高血压15年,脑梗塞后遗症',      '磺胺类药物',              '氯沙坦片50mg/日,阿托伐他汀20mg/晚'),
(4,  4,  'HR004', 'AB', 162.00, 60.50, '糖尿病5年,高脂血症',            '无',                      '二甲双胍,阿托伐他汀10mg/晚'),
(5,  5,  'HR005', 'A',  168.00, 70.00, '慢阻肺10年,肺心病',            '无',                      '噻托溴铵吸入剂,氨茶碱'),
(6,  6,  'HR006', 'B',  155.00, 52.00, '高血压6年,类风湿关节炎',        '青霉素过敏',              '氨氯地平5mg/日,甲氨蝶呤'),
(7,  7,  'HR007', 'O',  172.00, 65.00, '冠心病支架术后,高脂血症',       '无',                      '氯吡格雷75mg/日,阿托伐他汀20mg/晚'),
(8,  8,  'HR008', 'A',  160.00, 58.00, '2型糖尿病,糖尿病肾病早期',       '无',                      '胰岛素注射,恩格列净'),
(9,  9,  'HR009', 'B',  178.00, 80.00, '高血压20年,前列腺增生',          '无',                      '缬沙坦80mg/日,坦索罗辛0.4mg/日'),
(10, 10, 'HR010', 'AB', 163.00, 56.00, '骨质疏松,甲状腺功能减退',        '无',                      '左甲状腺素钠50μg/日,碳酸钙D3'),
(11, 11, 'HR011', 'O',  174.00, 76.00, '高血压8年,痛风5年',             '海鲜过敏',                '硝苯地平30mg/日,非布司他40mg/日'),
(12, 12, 'HR012', 'A',  157.00, 54.00, '冠心病,心律失常(房颤)',         '无',                      '华法林2.5mg/日,美托洛尔25mg/日'),
(13, 13, 'HR013', 'B',  170.00, 69.00, '脑出血后遗症,高血压',            '无',                      '氨氯地平5mg/日,氯沙坦50mg/日'),
(14, 14, 'HR014', 'O',  161.00, 51.00, '2型糖尿病,周围神经病变',         '无',                      '二甲双胍,甲钴胺片'),
(15, 15, 'HR015', 'A',  176.00, 85.00, '睡眠呼吸暂停综合征,高血压',      '无',                      '缬沙坦氨氯地平片,CPAP呼吸机'),
(16, 16, 'HR016', 'B',  159.00, 57.00, '慢性胃炎,贫血',                  '无',                      '奥美拉唑20mg/日,铁剂'),
(17, 17, 'HR017', 'AB', 165.00, 62.00, '高血压12年,冠心病3年',           '无',                      '贝那普利10mg/日,阿司匹林100mg/日'),
(18, 18, 'HR018', 'O',  164.00, 59.00, '帕金森病早期,高脂血症',          '无',                      '多巴丝肼片,阿托伐他汀20mg/晚'),
(19, 19, 'HR019', 'A',  171.00, 74.00, '慢阻肺,肺气肿',                  '无',                      '布地奈德福莫特罗吸入剂'),
(20, 20, 'HR020', 'B',  156.00, 53.00, '糖尿病10年,视网膜病变',          '无',                      '胰岛素注射,羟苯磺酸钙');

-- ===== 6. 病史记录 =====
INSERT IGNORE INTO medical_history (id, elder_id, disease_name, diagnose_date, is_cured, treatment, remark) VALUES
(1,  1,  '高血压',      '2014-03-10', 0, '长期口服降压药',              '高血压3级，非常高危'),
(2,  1,  '冠心病',      '2019-06-20', 0, '药物治疗',                    '稳定型心绞痛'),
(3,  2,  '糖尿病',      '2016-01-15', 0, '口服二甲双胍',                '2型糖尿病'),
(4,  2,  '骨质疏松',    '2020-09-01', 0, '补钙+维生素D',                ''),
(5,  3,  '高血压',      '2009-05-10', 0, '氯沙坦片',                    '高血压3级'),
(6,  3,  '脑梗塞',      '2023-11-20', 0, '住院治疗+康复',               '左侧肢体活动受限'),
(7,  4,  '糖尿病',      '2019-03-01', 0, '二甲双胍',                    '2型糖尿病'),
(8,  4,  '高脂血症',    '2020-06-15', 0, '阿托伐他汀',                  ''),
(9,  5,  '慢阻肺',      '2014-08-01', 0, '噻托溴铵吸入',                'GOLD 2级'),
(10, 5,  '肺心病',      '2021-02-10', 0, '利尿+氧疗',                  '代偿期'),
(11, 6,  '高血压',      '2018-11-20', 0, '氨氯地平',                    '高血压2级'),
(12, 6,  '类风湿关节炎','2015-04-05', 0, '甲氨蝶呤',                    '缓解期'),
(13, 7,  '冠心病',      '2020-01-10', 0, 'PCI支架植入术',               '支架术后'),
(14, 7,  '高脂血症',    '2020-01-10', 0, '阿托伐他汀',                  ''),
(15, 8,  '糖尿病',      '2017-06-01', 0, '胰岛素+恩格列净',            '糖尿病肾病早期'),
(16, 9,  '高血压',      '2004-03-15', 0, '缬沙坦',                      '高血压2级'),
(17, 9,  '前列腺增生',  '2018-09-01', 0, '坦索罗辛',                    ''),
(18, 10, '骨质疏松',    '2019-05-20', 0, '碳酸钙D3',                    ''),
(19, 10, '甲状腺功能减退','2015-10-01', 0, '左甲状腺素钠',              ''),
(20, 11, '高血压',      '2016-07-01', 0, '硝苯地平控释片',              ''),
(21, 11, '痛风',        '2019-03-10', 0, '非布司他',                    ''),
(22, 12, '冠心病',      '2018-12-01', 0, '药物治疗',                    '心房颤动'),
(23, 13, '脑出血',      '2022-05-10', 0, '外科手术+康复',               '左侧偏瘫'),
(24, 13, '高血压',      '2010-08-01', 0, '氨氯地平+氯沙坦',             ''),
(25, 14, '糖尿病',      '2018-04-01', 0, '二甲双胍',                    '周围神经病变'),
(26, 15, '高血压',      '2015-09-01', 0, '缬沙坦氨氯地平',              ''),
(27, 15, '睡眠呼吸暂停','2021-06-01', 0, 'CPAP治疗',                    '中度'),
(28, 16, '慢性胃炎',    '2020-01-01', 0, '奥美拉唑',                    ''),
(29, 17, '高血压',      '2012-05-01', 0, '贝那普利',                    ''),
(30, 17, '冠心病',      '2021-11-01', 0, '阿司匹林+他汀',               ''),
(31, 18, '帕金森病',    '2022-03-01', 0, '多巴丝肼',                    'Hoehn-Yahr 2级'),
(32, 18, '高脂血症',    '2019-08-01', 0, '阿托伐他汀',                  ''),
(33, 19, '慢阻肺',      '2016-06-01', 0, '布地奈德福莫特罗',            'GOLD 3级'),
(34, 20, '糖尿病',      '2014-11-01', 0, '胰岛素',                      '视网膜病变');

-- ===== 7. 用药记录 =====
INSERT IGNORE INTO medication_record (id, elder_id, drug_name, dosage, frequency, route, start_date, status) VALUES
(1,  1,  '硝苯地平片',      '10mg',   '每日1次',  '口服', '2024-05-22', 1),
(2,  1,  '氨氯地平片',      '2.5mg',  '每日1次',  '口服', '2024-05-22', 1),
(3,  1,  '阿司匹林肠溶片',  '100mg',  '每日1次',  '口服', '2024-01-01', 1),
(4,  2,  '二甲双胍',        '500mg',  '每日2次',  '口服', '2016-01-15', 1),
(5,  2,  '碳酸钙D3片',      '600mg',  '每日1次',  '口服', '2020-09-01', 1),
(6,  3,  '氯沙坦片',        '50mg',   '每日1次',  '口服', '2009-05-10', 1),
(7,  3,  '阿托伐他汀钙片',  '20mg',   '每晚1次',  '口服', '2023-12-01', 1),
(8,  4,  '二甲双胍',        '500mg',  '每日2次',  '口服', '2019-03-01', 1),
(9,  4,  '阿托伐他汀',      '10mg',   '每晚1次',  '口服', '2020-06-15', 1),
(10, 5,  '噻托溴铵吸入剂',  '18μg',   '每日1次',  '吸入', '2014-08-01', 1),
(11, 5,  '氨茶碱片',        '100mg',  '每日2次',  '口服', '2021-02-10', 1),
(12, 6,  '氨氯地平',        '5mg',    '每日1次',  '口服', '2018-11-20', 1),
(13, 6,  '甲氨蝶呤',        '7.5mg',  '每周1次',  '口服', '2015-04-05', 1),
(14, 7,  '氯吡格雷',        '75mg',   '每日1次',  '口服', '2020-01-10', 1),
(15, 7,  '阿托伐他汀',      '20mg',   '每晚1次',  '口服', '2020-01-10', 1),
(16, 8,  '甘精胰岛素',      '16U',    '每晚1次',  '皮下', '2017-06-01', 1),
(17, 8,  '恩格列净',        '10mg',   '每日1次',  '口服', '2019-03-01', 1),
(18, 9,  '缬沙坦',          '80mg',   '每日1次',  '口服', '2004-03-15', 1),
(19, 9,  '坦索罗辛',        '0.4mg',  '每日1次',  '口服', '2018-09-01', 1),
(20, 10, '左甲状腺素钠',    '50μg',   '每日1次',  '口服', '2015-10-01', 1);

-- ===== 8. 过敏记录 =====
INSERT IGNORE INTO allergy_record (id, elder_id, allergen, allergy_type, severity, reaction) VALUES
(1, 1, '青霉素',       1, 2, '皮疹、呼吸困难'),
(2, 3, '磺胺类药物',   1, 1, '皮疹'),
(3, 6, '青霉素',       1, 2, '荨麻疹'),
(4, 11,'海鲜',         2, 1, '皮肤瘙痒、红疹'),
(5, 18,'花粉',         3, 1, '打喷嚏、流涕');

-- ===== 9. 家族病史 =====
INSERT IGNORE INTO family_history (id, elder_id, disease_name, relationship) VALUES
(1,  1,  '高血压',  '父亲'),
(2,  1,  '冠心病',  '母亲'),
(3,  2,  '糖尿病',  '父亲'),
(4,  3,  '高血压',  '父亲'),
(5,  3,  '脑卒中',  '祖父'),
(6,  4,  '糖尿病',  '母亲'),
(7,  6,  '高血压',  '父亲'),
(8,  7,  '冠心病',  '父亲'),
(9,  9,  '高血压',  '父亲'),
(10, 11, '痛风',    '父亲'),
(11, 12, '冠心病',  '母亲'),
(12, 15, '高血压',  '父亲'),
(13, 17, '高血压',  '母亲'),
(14, 20, '糖尿病',  '母亲');

-- ===== 10. 预警规则 =====
INSERT IGNORE INTO warning_rule (id, rule_name, rule_type, metric_code, condition_expr, warning_level, warning_template, enabled) VALUES
(1, '收缩压严重偏高',      1, 'systolic',           'systolic>=180',             3, '收缩压超过180mmHg，紧急处理！', 1),
(2, '收缩压偏高',          1, 'systolic',           'systolic>=160',             2, '收缩压超过160mmHg，请关注', 1),
(3, '空腹血糖危急',        2, 'bloodSugarFasting',  'bloodSugarFasting>=11',     3, '空腹血糖超过11mmol/L，危急值！', 1),
(4, '空腹血糖偏高',        2, 'bloodSugarFasting',  'bloodSugarFasting>=7',      1, '空腹血糖超过7mmol/L', 1),
(5, '心率过快',            3, 'heartRate',           'heartRate>=120',            2, '心率超过120bpm，请关注', 1),
(6, '血氧偏低',            4, 'bloodOxygen',         'bloodOxygen<=90',           3, '血氧饱和度低于90%，需紧急处理', 1),
(7, '舒张压偏高',          1, 'diastolic',          'diastolic>=100',            2, '舒张压超过100mmHg，请关注', 1),
(8, '餐后血糖偏高',        2, 'bloodSugarPostprandial','bloodSugarPostprandial>=11',2, '餐后2小时血糖超过11mmol/L', 1);

-- ===== 11. 健康预警（25条） =====
INSERT IGNORE INTO health_warning (id, elder_id, warning_type, warning_level, warning_title, warning_content, warning_value, status, create_time) VALUES
-- 待处理（红色/高级）
(1,  1,  1, 3, '血压危急预警',     '王大爷收缩压达到182mmHg，超过危急值180mmHg，需立即处理！', '182/110', 0, '2026-06-28 07:30:00'),
(2,  3,  1, 3, '血压严重偏高',     '赵大爷血压持续偏高170/110mmHg，需紧急处理', '170/110', 0, '2026-06-27 16:00:00'),
(3,  13, 1, 3, '血压危急预警',     '何大爷收缩压185mmHg，脑出血后遗症患者血压失控！', '185/105', 0, '2026-06-29 06:15:00'),
(4,  5,  4, 3, '血氧饱和度危急',   '陈大爷血氧饱和度88%，慢阻肺急性加重可能', '88%', 0, '2026-06-29 05:30:00'),
-- 待处理（橙色/中级）
(5,  2,  2, 2, '血糖偏高预警',     '李奶奶空腹血糖达到9.5mmol/L', '9.5', 0, '2026-06-26 07:30:00'),
(6,  8,  2, 2, '血糖偏高',         '吴奶奶空腹血糖10.2mmol/L', '10.2', 0, '2026-06-28 07:00:00'),
(7,  12, 3, 2, '心率异常预警',     '林奶奶静息心率125bpm，房颤患者心率过快', '125bpm', 0, '2026-06-28 09:00:00'),
(8,  15, 1, 2, '血压偏高',         '朱大爷血压155/95mmHg，睡眠呼吸暂停患者晨起血压高', '155/95', 0, '2026-06-29 06:45:00'),
(9,  17, 1, 2, '血压控制不佳',     '高大爷血压160/100mmHg，冠心病合并高血压', '160/100', 0, '2026-06-27 10:30:00'),
(10, 14, 2, 2, '血糖控制不佳',     '马奶奶空腹血糖9.8mmol/L', '9.8', 0, '2026-06-26 07:00:00'),
(11, 20, 2, 2, '血糖偏高',         '宋奶奶空腹血糖11.2mmol/L', '11.2', 0, '2026-06-29 06:30:00'),
(12, 5,  2, 2, '血糖偏高',         '陈大爷空腹血糖8.7mmol/L，慢阻肺合并糖尿病', '8.7', 0, '2026-06-25 07:15:00'),
-- 处理中
(13, 6,  1, 2, '血压偏高',         '杨奶奶血压150/95mmHg，类风湿患者血压控制中', '150/95', 1, '2026-06-24 08:00:00'),
(14, 7,  3, 2, '心率过快',         '周大爷心率118bpm，冠心病患者活动后心悸', '118bpm', 1, '2026-06-23 14:30:00'),
(15, 11, 1, 2, '血压偏高',         '胡大爷血压148/92mmHg，痛风合并高血压需关注', '148/92', 1, '2026-06-22 09:00:00'),
-- 已处理
(16, 1,  1, 2, '血压偏高预警',     '王大爷血压监测值偏高，收缩压155mmHg，已于6月20日处理', '155/100', 2, '2026-06-20 08:30:00'),
(17, 2,  2, 1, '血糖偏高预警',     '李奶奶空腹血糖7.8mmol/L，饮食指导后已控制', '7.8', 2, '2026-06-18 07:30:00'),
(18, 4,  2, 1, '血糖波动',         '刘奶奶餐后血糖13.5mmol/L，已调整饮食方案', '13.5', 2, '2026-06-15 10:00:00'),
(19, 9,  1, 2, '血压偏高',         '孙大爷血压152/93mmHg，调整缬沙坦剂量后已平稳', '152/93', 2, '2026-06-12 09:30:00'),
(20, 10, 7, 1, '跌倒风险',         '黄奶奶近期两次跌倒，已进行居家安全评估和干预', '无', 2, '2026-06-10 15:00:00'),
-- 已忽略/关闭
(21, 3,  1, 2, '血压波动',         '赵大爷一过性血压偏高，观察后自行恢复', '145/95', 3, '2026-06-08 11:00:00'),
(22, 1,  5, 1, '设备离线',         '王大爷血压计离线2小时，已自动恢复', '离线', 3, '2026-06-05 13:00:00'),
(23, 16, 7, 2, '体重异常下降',     '徐奶奶月内体重下降3kg，已排查无器质性病变', '3kg', 3, '2026-06-01 09:00:00'),
(24, 18, 7, 1, '夜间失眠',         '罗奶奶近3天夜间睡眠不足4小时，已给予睡眠指导', '失眠', 3, '2026-05-28 10:00:00'),
(25, 19, 4, 2, '血氧偏低',         '梁大爷慢阻肺急性加重，血氧91%，经氧疗后改善', '91%', 3, '2026-05-25 08:00:00');

-- ===== 12. 随访计划（15条） =====
INSERT IGNORE INTO follow_plan (id, plan_name, elder_id, doctor_id, disease_type, frequency_type, start_date, end_date, next_follow_date, total_count, completed_count, status) VALUES
(1,  '王大爷高血压随访',       1,  1, 1, 2, '2024-01-01', NULL,        '2026-07-05', 24, 15, 1),
(2,  '李奶奶糖尿病随访',       2,  1, 2, 3, '2024-01-15', '2025-01-15', '2026-07-20', 8,  6,  1),
(3,  '赵大爷脑卒中随访',       3,  1, 5, 2, '2024-02-01', NULL,        '2026-07-01', 24, 18, 1),
(4,  '刘奶奶糖尿病管理',       4,  1, 2, 3, '2024-03-01', NULL,        '2026-08-01', 8,  4,  1),
(5,  '陈大爷慢阻肺管理',       5,  2, 6, 2, '2024-04-01', NULL,        '2026-06-30', 24, 20, 1),
(6,  '杨奶奶高血压随访',       6,  2, 1, 3, '2024-05-01', NULL,        '2026-07-15', 8,  5,  1),
(7,  '周大爷冠心病随访',       7,  2, 4, 2, '2024-03-01', NULL,        '2026-07-10', 24, 16, 1),
(8,  '吴奶奶糖尿病管理',       8,  1, 2, 2, '2024-06-01', NULL,        '2026-06-28', 12, 8,  1),
(9,  '孙大爷高血压随访',       9,  3, 1, 2, '2024-02-01', NULL,        '2026-07-08', 24, 19, 1),
(10, '黄奶奶骨质疏松管理',     10, 3, 7, 4, '2025-01-01', NULL,        '2026-09-01', 4,  2,  1),
(11, '胡大爷高血压合并痛风',   11, 1, 1, 2, '2024-07-01', NULL,        '2026-07-12', 12, 7,  1),
(12, '林奶奶冠心病随访',       12, 1, 4, 2, '2024-09-01', NULL,        '2026-07-18', 12, 6,  1),
(13, '马奶奶糖尿病管理',       14, 2, 2, 3, '2025-03-01', NULL,        '2026-07-25', 6,  2,  1),
(14, '梁大爷慢阻肺管理',       19, 1, 6, 2, '2024-08-01', NULL,        '2026-06-25', 24, 21, 1),
(15, '宋奶奶糖尿病管理',       20, 1, 2, 2, '2024-05-01', NULL,        '2026-06-30', 12, 9,  1);

-- ===== 13. 随访记录（15条） =====
INSERT IGNORE INTO follow_record (id, plan_id, elder_id, doctor_id, follow_date, follow_type, disease_type, symptom_desc, systolic_pressure, diastolic_pressure, heart_rate, blood_sugar_fasting, weight, medication_compliance, follow_result, next_follow_date) VALUES
(1,  1,  1,  1, '2026-06-01 10:00:00', 2, 1, '偶有头晕,晨起血压偏高', 148, 90,  72, 6.2,  68.0, 3, '血压控制尚可，建议晨起后静坐15分钟再测量', '2026-07-05'),
(2,  2,  2,  1, '2026-06-10 14:00:00', 2, 2, '口渴多饮,夜间小便增多', 125, 80,  76, 8.5,  54.5, 2, '血糖控制不达标，建议增加运动量，控制主食', '2026-07-20'),
(3,  3,  3,  1, '2026-06-08 09:00:00', 1, 5, '左侧肢体麻木,行走不稳', 162, 102, 80, 5.8,  71.5, 3, '血压偏高，左侧肌力恢复中，继续康复训练', '2026-07-01'),
(4,  5,  5,  2, '2026-06-05 10:30:00', 2, 6, '活动后气短,咳嗽咳痰', 138, 85,  88, 7.5,  70.0, 3, '慢阻肺稳定期，继续当前治疗，注意预防感染', '2026-06-30'),
(5,  7,  7,  2, '2026-06-12 15:00:00', 1, 4, '偶有心悸,活动后胸闷', 132, 82,  95, 5.5,  65.0, 3, '心率控制尚可，心电图无异常，继续随访', '2026-07-10'),
(6,  8,  8,  1, '2026-06-15 09:00:00', 2, 2, '视力模糊,手脚麻木', 130, 78,  74, 9.8,  57.5, 2, '血糖偏高，胰岛素剂量需调整，建议眼科会诊', '2026-06-28'),
(7,  9,  9,  3, '2026-06-10 11:00:00', 1, 1, '夜尿增多,排尿不畅', 145, 88,  70, 6.0,  80.0, 3, '血压控制可，前列腺增生症状稳定', '2026-07-08'),
(8,  11, 11, 1, '2026-06-06 14:00:00', 2, 1, '右脚趾红肿疼痛3天', 142, 86,  76, 6.8,  76.5, 2, '痛风急性发作，已给予秋水仙碱，嘱低嘌呤饮食', '2026-07-12'),
(9,  14, 19, 1, '2026-06-02 10:00:00', 1, 6, '稍活动即喘,夜间不能平卧', 128, 76,  92, 5.2,  73.0, 3, '慢阻肺控制欠佳，肺功能下降，建议吸入剂加量', '2026-06-25'),
(10, 12, 12, 1, '2026-06-18 09:30:00', 2, 4, '心慌心悸,偶有头晕', 136, 82,  108, 5.8, 54.0, 3, '房颤心率偏快，INR监测中，调整华法林剂量', '2026-07-18'),
(11, 15, 20, 1, '2026-06-08 15:30:00', 2, 2, '视物模糊,下肢水肿', 142, 86,  80, 10.5, 53.5, 2, '血糖控制差，视网膜病变需激光治疗，转诊眼科', '2026-06-30'),
(12, 4,  4,  1, '2026-06-14 10:00:00', 2, 2, '偶有饥饿感,出汗', 128, 78,  72, 6.5,  60.0, 3, '血糖控制尚可，偶有低血糖反应，注意加餐', '2026-08-01'),
(13, 6,  6,  2, '2026-06-11 11:00:00', 1, 1, '关节疼痛,晨僵1小时', 148, 88,  78, 5.6,  52.0, 3, '血压控制尚可，类风湿关节炎活动，建议复查炎症指标', '2026-07-15'),
(14, 10, 10, 3, '2026-06-03 09:00:00', 2, 7, '腰背酸痛,乏力', 126, 76,  70, 5.2,  56.5, 3, '骨质疏松治疗中，建议增加日照和负重运动', '2026-09-01'),
(15, 13, 14, 2, '2026-06-16 14:30:00', 2, 2, '双足麻木,行走有踩棉花感', 134, 82,  74, 9.2,  51.5, 2, '血糖控制不佳，周围神经病变加重，调整降糖方案', '2026-07-25');

-- ===== 14. 干预记录（12条） =====
INSERT IGNORE INTO intervention_record (id, follow_record_id, elder_id, doctor_id, intervention_type, intervention_title, intervention_content, medication_adjust, lifestyle_guidance, health_education, effect_evaluation, effect_desc, intervention_date) VALUES
(1,  NULL, 1,  1, 1, '王大爷降压药物调整',       '患者血压控制不佳，调整用药方案',                  '硝苯地平片5mg调整为10mg，加用氨氯地平片2.5mg',  '低盐饮食，每日食盐<6g，增加有氧运动',  '高血压用药须知，不可自行停药',          2, '用药调整后血压稳定在145/90',             '2026-05-22 10:00:00'),
(2,  NULL, 2,  1, 4, '李奶奶糖尿病健康教育',     '开展糖尿病自我管理健康教育',                        NULL,  '控制主食摄入，增加粗粮比例，餐后散步30分钟',  '血糖监测方法、低血糖识别与处理、糖尿病足护理',  2, '患者掌握自我监测方法，依从性提高',     '2026-05-28 14:30:00'),
(3,  NULL, 3,  1, 2, '赵大爷康复训练指导',       '脑梗塞后遗症康复训练方案制定',                        NULL,  '每日肢体功能训练30分钟，语言康复训练20分钟',  '家庭康复训练指南、防跌倒安全措施',      3, '患者肢体功能稍有改善，需持续康复',       '2026-05-05 09:00:00'),
(4,  NULL, 5,  2, 1, '陈大爷慢阻肺用药调整',     '慢阻肺急性加重期治疗',                              '噻托溴铵加量，加用布地奈德福莫特罗',  '缩唇呼吸训练，家庭氧疗每日15小时',      '慢阻肺自我管理、急性加重识别',          2, '呼吸困难明显改善，血氧升至95%',         '2026-05-10 10:30:00'),
(5,  NULL, 7,  2, 1, '周大爷冠心病抗栓治疗',     '冠心病二级预防用药优化',                             '氯吡格雷75mg/日继续，阿托伐他汀加量', '低脂饮食，适度活动，避免劳累',          '冠心病急救知识、硝酸甘油使用方法',      1, '血脂明显下降，胸闷发作减少',             '2026-04-15 15:00:00'),
(6,  NULL, 8,  1, 3, '吴奶奶胰岛素注射培训',     '指导正确胰岛素注射技术',                             '调整甘精胰岛素剂量',  '规范注射部位轮换，正确保存胰岛素',      '胰岛素注射技巧、低血糖识别与处理',      2, '注射技术改善，血糖监测规范',             '2026-05-20 09:00:00'),
(7,  NULL, 12, 1, 1, '林奶奶房颤抗凝管理',       '房颤患者华法林抗凝管理',                             '华法林剂量调整',  '避免富含维生素K食物过量摄入',           '抗凝治疗注意事项、INR监测重要性',       2, 'INR控制在2.0-3.0目标范围',             '2026-05-18 10:00:00'),
(8,  NULL, 13, 3, 2, '何大爷脑出血后康复',       '脑出血后肢体康复训练',                               NULL,  '每日被动关节活动、坐位平衡训练、站立训练',  '偏瘫康复护理、防压疮措施',             3, '肌力有所恢复，能扶行短距离',             '2026-05-25 09:30:00'),
(9,  NULL, 15, 1, 1, '朱大爷CPAP治疗依从性管理', '睡眠呼吸暂停CPAP治疗依从性差',                        NULL,  '夜间坚持使用CPAP≥6小时，避免仰卧位',       'CPAP使用重要性、设备清洁维护',          2, '患者每晚使用CPAP达5小时，日间精神状态改善', '2026-04-20 14:00:00'),
(10, NULL, 18, 3, 4, '罗奶奶帕金森心理支持',     '帕金森病心理疏导',                                   NULL,  '坚持康复锻炼，参加社交活动',               '帕金森病疾病认知、心理调适',           2, '抑郁情绪明显改善，主动参加社区活动',     '2026-05-12 15:00:00'),
(11, NULL, 20, 1, 3, '宋奶奶糖尿病视网膜病变转诊','糖尿病视网膜病变治疗',                                '调整胰岛素方案',  '严格控制血糖，定期眼科复查',               '糖尿病视网膜病变防治知识',             1, '已行激光光凝治疗，视力稳定',             '2026-05-30 10:00:00'),
(12, NULL, 11, 1, 1, '胡大爷痛风急性期处理',     '痛风急性发作药物治疗',                               '秋水仙碱0.5mg每日2次，非布司他40mg/日',  '严格低嘌呤饮食，多饮水每日>2000ml',      '痛风饮食指导、急性期处理原则',          2, '关节红肿消退，疼痛明显缓解',             '2026-06-08 14:00:00');

-- ===== 15. 转诊单（8条） =====
INSERT IGNORE INTO referral_order (id, referral_no, elder_id, referral_type, from_org, from_doctor_id, from_doctor_name, to_org, to_doctor_id, to_doctor_name, to_dept, diagnosis, referral_reason, urgency_level, status, create_time) VALUES
(1, 'REF202601001', 1,  1, '幸福社区卫生服务中心',    1, '张医生', '市第一人民医院',      2, '李主任', '心内科',   '高血压3级伴冠心病',    '患者近期血压控制不佳，反复胸闷，需进一步检查',        2, 0, '2026-06-01 09:30:00'),
(2, 'REF202601002', 20, 1, '幸福社区卫生服务中心',    1, '张医生', '市第一人民医院',      2, '李主任', '眼科',     '糖尿病视网膜病变',      '视力进行性下降，需激光治疗',                          2, 0, '2026-06-05 10:00:00'),
(3, 'REF202601003', 8,  1, '和平社区卫生服务中心',    1, '张医生', '市第一人民医院',      2, '李主任', '内分泌科', '糖尿病肾病',            '尿蛋白持续升高，需专科进一步诊治',                    2, 1, '2026-06-10 09:00:00'),
(4, 'REF202601004', 3,  2, '市第一人民医院',          1, '张医生', '建设社区卫生站',      3, '王医生', '康复科',   '脑梗塞后遗症恢复期',    '患者病情稳定，转回基层继续康复治疗',                  1, 2, '2026-06-08 14:00:00'),
(5, 'REF202601005', 5,  1, '解放社区卫生服务中心',    2, '李医生', '市第二人民医院',      3, '王医生', '呼吸科',   '慢阻肺急性加重',        '呼吸困难加重，需住院治疗',                            3, 1, '2026-06-12 08:30:00'),
(6, 'REF202601006', 14, 2, '市第一人民医院',          2, '李医生', '朝阳社区卫生站',      2, '李医生', '全科',     '糖尿病周围神经病变',    '经专科治疗后病情稳定，转回社区管理',                  1, 2, '2026-06-15 16:00:00'),
(7, 'REF202601007', 13, 1, '曙光社区卫生服务中心',    3, '王医生', '市第二人民医院',      3, '王医生', '神经外科', '脑出血后遗症',          '继发性癫痫发作，需专科评估',                          2, 0, '2026-06-18 11:00:00'),
(8, 'REF202601008', 7,  1, '文化社区卫生服务中心',    2, '李医生', '市第一人民医院',      2, '李主任', '心内科',   '冠心病支架术后',        '支架术后1年复查发现支架内再狭窄可能，需冠脉造影',     2, 0, '2026-06-20 09:00:00');

-- ===== 16. 设备绑定（12条） =====
INSERT IGNORE INTO wearable_device (id, elder_id, device_type, device_name, device_sn, bind_status, bind_time) VALUES
(1,  1,  1, '华为手环Band 8',        'HW-BAND8-001',    1, '2026-03-01 10:00:00'),
(2,  1,  2, '欧姆龙血压计U10L',      'OMRON-U10L-001',  1, '2026-03-05 14:00:00'),
(3,  2,  3, '罗氏血糖仪逸动',        'ROCHE-AG-001',    1, '2026-04-01 09:00:00'),
(4,  3,  2, '鱼跃血压计Y30',         'YUYUE-BP-001',    1, '2026-03-15 10:00:00'),
(5,  5,  4, '迈瑞血氧仪M70',         'MINDRAY-OX-001',  1, '2026-04-10 14:00:00'),
(6,  7,  1, '小米手环8 Pro',         'MI-BAND8-001',    1, '2026-04-20 09:00:00'),
(7,  8,  3, '强生血糖仪OneTouch',    'ONETOUCH-001',    1, '2026-05-01 10:00:00'),
(8,  12, 1, '华为手环Band 9',        'HW-BAND9-001',    1, '2026-05-10 11:00:00'),
(9,  13, 2, '欧姆龙血压计HEM-1020',  'OMRON-HEM-001',   1, '2026-03-20 14:00:00'),
(10, 15, 1, '华为手环Band 8',        'HW-BAND8-002',    1, '2026-04-05 09:00:00'),
(11, 19, 4, '鱼跃血氧仪YX301',       'YUYUE-OX-001',    1, '2026-05-15 10:00:00'),
(12, 20, 3, '罗氏血糖仪卓越',        'ROCHE-AG-002',    1, '2026-05-20 14:00:00');

-- ===== 17. 时间线事件（30条） =====
INSERT IGNORE INTO timeline_event (id, elder_id, event_type, event_title, event_content, source_type, event_time) VALUES
(1,  1,  2, '血压危急预警',              '王大爷收缩压达到182mmHg，超过危急值，需立即处理', 'warning',    '2026-06-28 07:30:00'),
(2,  1,  3, '高血压随访',               '第15次随访，血压148/90，调整用药方案',            'followup',  '2026-06-01 10:00:00'),
(3,  1,  6, '上转转诊',                 '转诊至市第一人民医院心内科',                       'referral',  '2026-06-01 09:30:00'),
(4,  1,  7, '降压药物调整',             '硝苯地平从5mg调整为10mg',                          'medication','2026-05-22 10:00:00'),
(5,  2,  2, '血糖偏高预警',             '李奶奶空腹血糖9.5mmol/L',                          'warning',    '2026-06-26 07:30:00'),
(6,  2,  3, '糖尿病随访',               '第6次随访，血糖控制不达标，建议增加运动',          'followup',  '2026-06-10 14:00:00'),
(7,  3,  2, '血压严重偏高',             '赵大爷血压170/110mmHg',                             'warning',    '2026-06-27 16:00:00'),
(8,  3,  3, '脑卒中康复随访',            '第18次随访，左侧肌力恢复中',                       'followup',  '2026-06-08 09:00:00'),
(9,  3,  8, '转诊完成出院',             '脑梗塞后遗症恢复期，转回基层继续康复',              'referral',  '2026-06-08 14:00:00'),
(10, 5,  2, '慢阻肺急性加重预警',        '血氧饱和度88%，需紧急处理',                         'warning',    '2026-06-29 05:30:00'),
(11, 5,  3, '慢阻肺随访',               '慢阻肺稳定期，继续当前治疗',                        'followup',  '2026-06-05 10:30:00'),
(12, 5,  9, '转诊住院',                 '呼吸困难加重，转市第二人民医院住院治疗',            'referral',  '2026-06-12 08:30:00'),
(13, 7,  3, '冠心病随访',               '冠心病支架术后1年，病情稳定',                        'followup',  '2026-06-12 15:00:00'),
(14, 7,  7, '抗栓治疗优化',             '阿托伐他汀加量，强化降脂治疗',                      'medication','2026-04-15 15:00:00'),
(15, 8,  2, '血糖偏高预警',             '吴奶奶空腹血糖10.2mmol/L',                           'warning',    '2026-06-28 07:00:00'),
(16, 8,  3, '糖尿病随访',               '第8次随访，血糖控制不佳',                           'followup',  '2026-06-15 09:00:00'),
(17, 12, 2, '心率异常预警',             '林奶奶房颤心率125bpm',                              'warning',    '2026-06-28 09:00:00'),
(18, 12, 3, '冠心病随访',               '第6次随访，房颤心率偏快，调整华法林',               'followup',  '2026-06-18 09:30:00'),
(19, 13, 2, '血压危急预警',             '何大爷收缩压185mmHg',                               'warning',    '2026-06-29 06:15:00'),
(20, 13, 9, '转诊至上级医院',           '继发性癫痫发作，转神经外科评估',                    'referral',  '2026-06-18 11:00:00'),
(21, 13, 7, '脑出血后康复训练',         '偏瘫康复训练方案制定',                              'medication','2026-05-25 09:30:00'),
(22, 14, 2, '血糖控制不佳预警',         '马奶奶空腹血糖9.8mmol/L',                           'warning',    '2026-06-26 07:00:00'),
(23, 14, 3, '糖尿病随访',               '第2次随访，周围神经病变加重',                       'followup',  '2026-06-16 14:30:00'),
(24, 15, 2, '血压偏高预警',             '朱大爷晨起血压155/95mmHg',                           'warning',    '2026-06-29 06:45:00'),
(25, 15, 7, 'CPAP治疗依从性指导',       '睡眠呼吸暂停CPAP治疗管理',                          'medication','2026-04-20 14:00:00'),
(26, 19, 3, '慢阻肺随访',               '第21次随访，肺功能下降',                            'followup',  '2026-06-02 10:00:00'),
(27, 19, 2, '血氧偏低预警',             '慢阻肺急性加重，血氧91%',                           'warning',    '2026-05-25 08:00:00'),
(28, 20, 2, '血糖偏高预警',             '宋奶奶空腹血糖11.2mmol/L',                          'warning',    '2026-06-29 06:30:00'),
(29, 20, 3, '糖尿病随访',               '第9次随访，视网膜病变需激光治疗',                   'followup',  '2026-06-08 15:30:00'),
(30, 20, 9, '眼科转诊',                 '转诊至市第一人民医院眼科行激光治疗',                 'referral',  '2026-06-05 10:00:00');

-- ===== 18. 系统消息 =====
INSERT IGNORE INTO sys_message (id, user_id, title, content, msg_type, is_read, source_type, source_id) VALUES
(1,  2, '预警通知：王大爷血压危急',      '王大爷收缩压182mmHg，超过危急值，请立即处理！',      1, 0, 'warning',  1),
(2,  2, '预警通知：赵大爷血压严重偏高',  '赵大爷血压170/110mmHg，需紧急处理',                 1, 0, 'warning',  2),
(3,  2, '预警通知：何大爷血压危急',      '何大爷收缩压185mmHg，脑出血史患者血压失控！',        1, 0, 'warning',  3),
(4,  2, '预警通知：陈大爷血氧危急',      '陈大爷血氧饱和度88%，慢阻肺急性加重可能',             1, 0, 'warning',  4),
(5,  2, '预警通知：宋奶奶血糖偏高',      '宋奶奶空腹血糖11.2mmol/L',                           1, 0, 'warning',  11),
(6,  2, '随访提醒：吴奶奶糖尿病随访',    '吴奶奶随访计划即将到期，请安排随访',                   2, 0, 'followup', 8),
(7,  2, '随访提醒：梁大爷慢阻肺随访',    '梁大爷慢阻肺随访计划即将到期，请安排随访',             2, 0, 'followup', 14),
(8,  2, '随访提醒：宋奶奶糖尿病随访',    '宋奶奶糖尿病随访计划即将到期，请安排随访',             2, 0, 'followup', 15),
(9,  2, '转诊通知：王大爷上转转诊',      '王大爷已转诊至市第一人民医院心内科',                 4, 0, 'referral', 1),
(10, 2, '转诊通知：宋奶奶眼科转诊',      '宋奶奶已转诊至市第一人民医院眼科',                   4, 0, 'referral', 2),
(11, 2, '转诊通知：陈大爷呼吸科转诊',    '陈大爷因慢阻肺加重转市第二人民医院住院治疗',         4, 0, 'referral', 5),
(12, 2, '转诊通知：何大爷神经外科转诊',  '何大爷因继发性癫痫转市第二人民医院评估',             4, 0, 'referral', 7),
(13, 2, '转诊通知：周大爷冠脉造影转诊',  '周大爷因支架内再狭窄可能转市第一人民医院行冠脉造影', 4, 0, 'referral', 8),
(14, 2, '系统通知：张医生',             '欢迎使用智慧医养医生服务系统V2.0',                   3, 1, 'system',   NULL);

-- 初始化过敏记录
INSERT IGNORE INTO allergy_record (id, elder_id, allergen, allergy_type, severity, reaction) VALUES
(1, 1, '青霉素', 1, 2, '皮疹、呼吸困难'),
(2, 3, '磺胺类药物', 1, 1, '皮疹');

-- 初始化家族病史
INSERT IGNORE INTO family_history (id, elder_id, disease_name, relationship) VALUES
(1, 1, '高血压', '父亲'),
(2, 1, '冠心病', '母亲'),
(3, 2, '糖尿病', '父亲'),
(4, 3, '高血压', '父亲'),
(5, 3, '脑卒中', '祖父');

-- 初始化系统消息
INSERT IGNORE INTO sys_message (id, user_id, title, content, msg_type, is_read, source_type, source_id) VALUES
(1, 2, '预警通知：王大爷血压偏高', '王大爷血压监测值偏高，收缩压155mmHg，请及时处理', 1, 0, 'warning', 1),
(2, 2, '随访提醒：李奶奶糖尿病随访', '李奶奶的糖尿病随访计划即将到期，请安排随访', 2, 0, 'followup', 2),
(3, 2, '转诊通知：赵大爷转诊完成', '赵大爷已完成转诊流程，转回基层继续康复治疗', 4, 1, 'referral', 2);

-- ============================================
-- 护士模块测试数据（v1.0 新增）
-- ============================================

-- ===== 19. 护理记录测试数据 =====
INSERT IGNORE INTO nursing_record (id, elder_id, nurse_id, record_type, record_title, record_content, nursing_measures, observation, evaluation, record_date, is_abnormal, report_status) VALUES
(1, 1, 5, 1, '王大爷基础护理记录', '协助老人进行晨间洗漱、更衣，测量血压148/90mmHg', '协助翻身、拍背，口腔护理，更换床单', '老人精神状态良好，生命体征平稳', '基础护理完成，老人满意', '2026-06-28 08:30:00', 0, 0),
(2, 1, 5, 3, '王大爷午餐照料', '协助老人进食午餐，注意低盐低脂饮食要求', '准备低盐饮食，监测进食量', '进食量约80%，无呛咳', '营养摄入充足', '2026-06-28 11:45:00', 0, 0),
(3, 2, 5, 2, '李奶奶血糖监测', '测量空腹血糖8.2mmol/L，餐后2h血糖11.5mmol/L', '指导胰岛素注射部位轮换，记录血糖日志', '血糖控制欠佳，需关注饮食', '已记录血糖值并通知主管医生', '2026-06-28 07:00:00', 1, 1),
(4, 2, 5, 4, '李奶奶心理疏导', '老人因血糖控制不佳情绪低落，进行心理安抚', '倾听老人诉说，讲解糖尿病管理知识，鼓励积极面对', '老人情绪有所缓解，表示愿意配合治疗', '心理护理效果良好', '2026-06-28 15:00:00', 0, 0),
(5, 3, 5, 1, '赵大爷晨间护理', '协助半身不遂老人晨间护理，进行肢体被动活动', '温水擦浴、更衣、口腔护理、偏瘫肢体被动活动20分钟', '左侧肢体肌力Ⅲ级，皮肤完好无压疮', '晨间护理完成，肢体活动度改善', '2026-06-27 08:00:00', 0, 0),
(6, 3, 5, 5, '赵大爷康复训练', '进行左侧肢体康复训练，包括关节活动度和肌力训练', '肩关节外展、肘关节屈伸、手指抓握训练各10次', '训练过程中无不适，配合度良好', '康复训练按计划完成', '2026-06-27 09:30:00', 0, 0),
(7, 5, 5, 2, '陈大爷血氧监测', '监测血氧饱和度91%，给予吸氧2L/min后升至96%', '吸氧护理，监测血氧变化，观察呼吸状况', '吸氧后血氧改善，呼吸平稳', '需持续低流量吸氧观察', '2026-06-29 06:30:00', 1, 1),
(8, 5, 5, 1, '陈大爷体位护理', '协助采取半卧位，利于呼吸通畅', '调整床头高度，背部垫软枕，每2小时翻身一次', '呼吸较前顺畅，无发绀', '体位护理有效，持续观察', '2026-06-29 08:00:00', 0, 0),
(9, 7, 5, 2, '周大爷用药指导', '指导冠心病药物正确服用方法，讲解注意事项', '逐一核对药物名称和剂量，交代服药时间和禁忌', '老人理解药物使用方法，能正确复述', '用药指导完成，依从性良好', '2026-06-25 10:00:00', 0, 0),
(10, 8, 5, 4, '吴奶奶健康宣教', '讲解糖尿病饮食管理知识，强调控制碳水摄入', '使用食物模型讲解每餐份量，发放饮食指导手册', '老人表示理解了饮食控制的重要性', '宣教效果良好', '2026-06-26 14:00:00', 0, 0),
(11, 9, 6, 1, '孙大爷晚间护理', '协助老人晚间洗漱、泡脚，整理床单位', '温水泡脚15分钟，按摩足部，检查皮肤状况', '足部皮肤完好，睡眠环境舒适', '晚间护理完成', '2026-06-28 20:00:00', 0, 0),
(12, 10, 6, 2, '黄奶奶用药管理', '核对骨质疏松药物服用情况，补充钙剂', '检查用药记录，指导正确服用碳酸钙D3', '用药记录完整，无漏服', '用药管理完成', '2026-06-28 09:00:00', 0, 0),
(13, 11, 6, 3, '胡大爷生活照料', '协助痛风急性期老人日常生活，调整饮食', '准备低嘌呤饮食，减少活动，抬高患肢', '关节红肿有所消退，疼痛减轻', '生活照料有效', '2026-06-27 10:30:00', 0, 0),
(14, 12, 6, 1, '林奶奶基础护理', '监测心率、血压，观察房颤症状变化', '测量生命体征，观察有无胸闷心悸', '心率90bpm，律不齐，无特殊不适', '基础护理完成', '2026-06-28 08:00:00', 0, 0),
(15, 13, 6, 2, '何大爷皮肤护理', '因偏瘫长期卧床，进行压疮预防护理', '每2小时翻身，骨架处垫软枕，皮肤按摩', '皮肤完整，无压疮迹象', '预防措施到位，持续观察', '2026-06-29 09:00:00', 0, 0);

-- ===== 20. 护理计划测试数据 =====
INSERT IGNORE INTO nursing_plan (id, elder_id, nurse_id, plan_name, plan_type, start_date, end_date, frequency, nursing_goal, nursing_content, status, total_count, completed_count, doctor_approval) VALUES
(1, 1, 5, '王大爷高血压基础护理计划', 1, '2026-06-01', '2026-08-31', '每日1次', '维持血压稳定，预防并发症', '每日监测血压，指导低盐饮食，协助规律服药，观察有无头痛眩晕等症状', 1, 90, 28, 1),
(2, 2, 5, '李奶奶糖尿病护理计划', 2, '2026-06-01', '2026-09-30', '每日1次', '控制血糖达标，预防糖尿病足', '每日4次血糖监测，胰岛素注射指导，饮食管理，足部护理，运动指导', 1, 120, 28, 0),
(3, 3, 5, '赵大爷偏瘫康复护理计划', 5, '2026-06-01', '2026-08-31', '每日1次', '改善左侧肢体功能，预防废用综合征', '每日被动关节活动度训练，良肢位摆放，压疮预防护理，心理支持', 1, 90, 27, 1),
(4, 5, 5, '陈大爷慢阻肺护理计划', 1, '2026-06-15', '2026-09-15', '每日2次', '改善呼吸功能，预防急性加重', '氧疗护理，呼吸功能锻炼（缩唇呼吸、腹式呼吸），排痰护理，营养支持', 1, 180, 15, 0),
(5, 7, 5, '周大爷冠心病护理计划', 2, '2026-06-10', '2026-09-10', '每日1次', '控制冠心病危险因素，预防复发', '用药依从性管理，饮食指导（低脂低盐），运动处方，情绪管理', 1, 90, 18, 1),
(6, 8, 5, '吴奶奶糖尿病综合护理计划', 3, '2026-06-20', '2026-09-20', '每日1次', '综合管理糖尿病及肾病早期', '血糖监测，胰岛素注射指导，低蛋白饮食管理，血压监测，健康教育', 0, 90, 0, 0),
(7, 12, 6, '林奶奶房颤护理计划', 2, '2026-06-05', '2026-09-05', '每日1次', '管理房颤症状，预防血栓', '心率监测，抗凝用药管理（华法林），观察有无出血倾向，活动指导', 1, 90, 25, 1),
(8, 13, 6, '何大爷脑出血后康复护理', 5, '2026-06-01', '2026-08-31', '每日1次', '促进神经功能恢复，预防并发症', '肢体康复训练，语言功能训练，吞咽功能训练，压疮预防，心理护理', 1, 90, 28, 1),
(9, 19, 6, '梁大爷慢阻肺护理计划', 2, '2026-06-10', '2026-09-10', '每日1次', '延缓肺功能下降，提高生活质量', '呼吸训练，吸入剂使用指导，家庭氧疗管理，营养支持，急性加重识别', 0, 90, 0, 0),
(10, 20, 6, '宋奶奶糖尿病护理计划', 1, '2026-06-15', '2026-09-15', '每日1次', '控制血糖稳定，延缓并发症进展', '胰岛素注射管理，血糖监测记录，眼底病变观察，足部护理，饮食指导', 1, 90, 15, 1);

-- ============================================
-- 医生模块增强测试数据
-- ============================================

-- ===== 21. 体检记录测试数据 =====
INSERT IGNORE INTO physical_exam (id, elder_id, doctor_id, exam_date, height, weight, systolic_pressure, diastolic_pressure, heart_rate, blood_sugar_fasting, temperature, blood_oxygen, waistline, bmi, exam_summary, doctor_advice, abnormal_flag) VALUES
(1, 1, 2, '2026-01-15', 170.00, 68.50, 148, 90, 82, 6.20, 36.5, 97.0, 92.0, 23.7, '血压偏高148/90mmHg，心率正常，空腹血糖正常', '建议继续服用降压药，低盐饮食，定期监测血压', 1),
(2, 1, 2, '2026-04-20', 170.00, 69.00, 142, 88, 78, 5.80, 36.4, 97.5, 91.0, 23.9, '血压较前有所下降，控制好转', '维持当前用药方案，继续低盐饮食控制', 1),
(3, 1, 2, '2026-06-28', 170.00, 68.00, 138, 85, 76, 5.60, 36.4, 97.8, 91.0, 23.5, '血压控制良好，各项指标稳定', '继续保持，3个月后复查', 0),
(4, 2, 2, '2026-01-20', 158.00, 55.00, 126, 78, 80, 8.50, 36.6, 98.0, 80.0, 22.0, '空腹血糖8.5mmol/L偏高，血压正常', '加强血糖控制，调整饮食结构，增加运动量', 1),
(5, 2, 2, '2026-04-15', 158.00, 54.50, 122, 76, 76, 7.80, 36.5, 98.2, 79.0, 21.8, '血糖有所下降但仍偏高', '继续糖尿病饮食管理，规律服用降糖药', 1),
(6, 3, 2, '2026-02-10', 175.00, 72.00, 162, 104, 88, 5.40, 36.3, 96.0, 94.0, 23.5, '血压162/104mmHg偏高明显，左侧肢体肌力Ⅲ级', '调整降压方案，加强康复训练', 1),
(7, 3, 2, '2026-05-08', 175.00, 71.00, 155, 98, 84, 5.20, 36.4, 96.5, 93.0, 23.2, '血压有所下降但仍偏高，左侧肌力Ⅳ级', '坚持药物治疗和康复训练', 1),
(8, 5, 2, '2026-03-05', 168.00, 70.00, 128, 80, 92, 5.10, 36.7, 90.0, 90.0, 24.8, '血氧饱和度90%偏低，肺功能下降', '建议家庭氧疗，呼吸功能锻炼', 1),
(9, 5, 2, '2026-06-10', 168.00, 69.00, 126, 78, 88, 5.00, 36.5, 93.0, 89.0, 24.5, '血氧改善至93%，体重略有下降', '继续氧疗和呼吸训练', 1),
(10, 7, 2, '2026-02-18', 172.00, 65.00, 132, 82, 72, 5.30, 36.4, 98.0, 88.0, 22.0, '各项指标基本正常，冠心病稳定', '规律服药，定期复查血脂', 0),
(11, 7, 2, '2026-06-15', 172.00, 65.50, 128, 80, 70, 5.10, 36.3, 98.2, 87.0, 22.1, '冠心病稳定，血脂控制良好', '继续当前治疗方案，半年后复查', 0),
(12, 8, 2, '2026-03-12', 160.00, 58.00, 136, 84, 78, 9.20, 36.6, 97.5, 85.0, 22.7, '空腹血糖9.2mmol/L偏高，肾功指标异常', '加强血糖控制，低蛋白饮食，肾内科随访', 1),
(13, 12, 2, '2026-04-05', 157.00, 54.00, 118, 72, 98, 5.00, 36.4, 97.8, 78.0, 21.9, '心率98次/分偏快，房颤心律', '调整华法林用量，控制心率', 1),
(14, 13, 2, '2026-05-20', 170.00, 69.00, 172, 108, 86, 5.60, 36.5, 96.0, 92.0, 23.9, '血压172/108mmHg极高，需紧急处理', '立即调整降压方案，监测血压变化', 1),
(15, 20, 2, '2026-06-20', 156.00, 53.00, 124, 78, 76, 10.50, 36.5, 98.0, 82.0, 21.8, '血糖10.5mmol/L控制严重不达标', '强化胰岛素治疗，内分泌科随诊', 1);

-- ===== 更新护理记录审核状态 =====
-- 确保已有的异常护理记录可用于护士审核测试
UPDATE nursing_record SET report_status=1, is_abnormal=1, abnormal_desc='血糖监测值偏高，空腹血糖8.2mmol/L，餐后血糖11.5mmol/L，建议调整用药方案' WHERE id=3 AND report_status=0;
UPDATE nursing_record SET report_status=1, is_abnormal=1, abnormal_desc='血氧饱和度偏低91%，吸氧后升至96%，需医生评估是否调整治疗方案' WHERE id=7 AND report_status=0;

-- ============================================
-- AI 健康评估模块 — 种子数据
-- ============================================

-- AI 配置默认值
INSERT IGNORE INTO ai_config (config_key, config_value, config_desc) VALUES
('ai.api_key', '', 'DeepSeek API Key'),
('ai.base_url', 'https://api.deepseek.com', 'API 基础地址'),
('ai.model', 'deepseek-chat', '模型名称'),
('ai.mock_enabled', 'true', '是否启用Mock模式'),
('ai.max_per_day', '20', '每个医生每日最大AI调用次数'),
('ai.timeout_seconds', '30', 'AI调用超时时间(秒)'),
('ai.max_retries', '2', 'AI调用失败重试次数');

-- 评估规则（60条）
INSERT IGNORE INTO assessment_rule (rule_code, rule_name, category, indicator, data_source, operator, threshold, severity, finding_text, advice_text, sort_order) VALUES
('BP_SYSTOLIC_CRISIS','收缩压危急值','血压','systolic','physical_exam','>=',180,3,'收缩压达危急值（{value}mmHg），属高血压3级，需紧急处理','立即联系医生或就医，不可拖延。遵医嘱调整降压方案，保持情绪平稳',1),
('BP_SYSTOLIC_HIGH_2','收缩压2级高血压','血压','systolic','physical_exam','>=',160,2,'收缩压偏高（{value}mmHg），属高血压2级，需积极干预','3天内复测血压，评估降压方案调整。减少钠盐摄入（<5g/天），戒烟限酒',2),
('BP_SYSTOLIC_HIGH_1','收缩压1级高血压','血压','systolic','physical_exam','>=',140,2,'收缩压偏高（{value}mmHg），属高血压1级','低盐饮食（<5g/天），7天内复测血压。保持规律作息，避免情绪激动',3),
('BP_SYSTOLIC_NORMAL_HI','收缩压正常高值','血压','systolic','physical_exam','>=',130,1,'收缩压处于正常高值（{value}mmHg），需关注血压趋势','保持健康生活方式，每1-3个月监测血压。适度运动，控制体重',4),
('BP_SYSTOLIC_LOW','收缩压偏低','血压','systolic','physical_exam','<',90,2,'收缩压偏低（{value}mmHg），需关注','排查体位性低血压。起床、站立时动作放缓，注意防跌倒。保证充足饮水',5),
('BP_DIASTOLIC_HIGH_2','舒张压2级高血压','血压','diastolic','physical_exam','>=',100,2,'舒张压偏高（{value}mmHg），属高血压2级','联合用药方案评估，排查继发性高血压。减少钠盐及高脂饮食',6),
('BP_DIASTOLIC_HIGH_1','舒张压1级高血压','血压','diastolic','physical_exam','>=',90,2,'舒张压偏高（{value}mmHg），属高血压1级','限盐限酒，增加有氧运动（快走、太极等）。定期监测血压变化',7),
('BP_DIASTOLIC_LOW','舒张压偏低','血压','diastolic','physical_exam','<',60,2,'舒张压偏低（{value}mmHg），需评估心功能','评估心功能及血管弹性。注意头晕、乏力等症状，适当增加优质蛋白摄入',8),

('BG_FASTING_CRISIS','空腹血糖危急值','血糖','bloodSugarFasting','physical_exam','>=',11.1,3,'空腹血糖危急值（{value}mmol/L），需立即处理','立即内分泌科就诊，排查酮症酸中毒风险。暂停高糖饮食，多饮水',1),
('BG_FASTING_HIGH','空腹血糖偏高','血糖','bloodSugarFasting','physical_exam','>=',7.0,2,'空腹血糖偏高（{value}mmol/L），达糖尿病诊断阈值','内分泌科随访，完善糖化血红蛋白及OGTT检查。控制主食量，定时定量进餐',2),
('BG_FASTING_IMPAIRED','空腹血糖受损','血糖','bloodSugarFasting','physical_exam','>=',6.1,1,'空腹血糖受损（{value}mmol/L），属糖尿病前期','控制碳水化合物摄入，每周≥150分钟中等强度运动。3个月后复查空腹血糖',3),
('BG_FASTING_LOW','空腹血糖偏低','血糖','bloodSugarFasting','physical_exam','<',3.9,2,'空腹血糖偏低（{value}mmol/L），警惕低血糖风险','排查降糖药是否过量。随身携带糖果或饼干，告知家属低血糖急救方法',4),
('BG_POSTPRANDIAL_HIGH','餐后血糖偏高','血糖','bloodSugarPostprandial','vital_sign','>=',11.1,2,'餐后血糖偏高（{value}mmol/L），血糖控制欠佳','分餐饮食，减少精制碳水摄入。餐后适量散步15-20分钟有助于降糖',5),
('BG_RANDOM_HIGH','随机血糖偏高','血糖','bloodSugarRandom','physical_exam','>=',11.1,2,'随机血糖偏高（{value}mmol/L），需关注','建议空腹状态下复测血糖，排查糖尿病可能',6),

('HR_TACHYCARDIA_SEVERE','心率过快','心率','heartRate','physical_exam','>=',120,3,'心率过快（{value}次/分），需紧急评估','立即行心电图检查，排查房颤/室上速/心衰等可能。保持安静休息，避免剧烈活动',1),
('HR_TACHYCARDIA','心率偏快','心率','heartRate','physical_exam','>=',100,2,'心率偏快（{value}次/分），超出正常范围','排查甲亢、贫血、焦虑等原因。避免咖啡、浓茶，保持情绪平稳',2),
('HR_BRADYCARDIA','心率偏慢','心率','heartRate','physical_exam','<',60,2,'心率偏慢（{value}次/分），低于正常范围','排查药物影响（如β受体阻滞剂）。关注有无乏力、头晕、黑矇等症状',3),
('HR_BRADYCARDIA_SEVERE','心率过缓','心率','heartRate','physical_exam','<',45,3,'心率过缓（{value}次/分），需排查心脏传导系统问题','建议动态心电图检查，排查病态窦房结综合征或房室传导阻滞',4),

('SPO2_CRITICAL','血氧饱和度危急','血氧','bloodOxygen','physical_exam','<=',90,3,'血氧饱和度危急（{value}%），存在呼吸衰竭风险','立即吸氧（2-4L/min），排查COPD急性加重/重症肺炎/心衰。必要时拨打120',1),
('SPO2_LOW','血氧饱和度偏低','血氧','bloodOxygen','physical_exam','<=',94,2,'血氧饱和度偏低（{value}%），需持续关注','持续监测血氧，排查慢性呼吸系统疾病或心功能不全。指导缩唇呼吸训练',2),
('SPO2_BORDERLINE','血氧饱和度临界','血氧','bloodOxygen','physical_exam','<=',96,1,'血氧饱和度临界偏低（{value}%），需保持关注','对慢阻肺或心衰病史者应提高警惕。定期监测，鼓励深呼吸练习',3),

('TEMP_FEVER_HIGH','高热','体温','temperature','physical_exam','>=',39,3,'高热（{value}℃），需立即处理','排查感染源，物理降温（温水擦浴）+药物退热。补充足够水分，必要时就医',1),
('TEMP_FEVER','发热','体温','temperature','physical_exam','>=',37.3,1,'体温偏高（{value}℃），存在低热','监测体温变化，注意有无咳嗽、咽痛、乏力等伴随症状。多饮水，注意休息',2),
('TEMP_HYPOTHERMIA','体温偏低','体温','temperature','physical_exam','<',35.5,2,'体温偏低（{value}℃），需保暖复温','加强保暖措施。排查低代谢状态（甲状腺功能减退、低血糖等）',3),

('BMI_OBESE_SEVERE','重度肥胖','BMI','bmi','physical_exam','>=',35,2,'重度肥胖（BMI={value}），代谢综合征风险极高','建议多学科减重方案（营养科+内分泌科+运动康复科）。设定合理减重目标，每月减重2-4kg',1),
('BMI_OBESE_MODERATE','中度肥胖','BMI','bmi','physical_exam','>=',30,2,'中度肥胖（BMI={value}），需积极干预','制定个性化减重计划。控制总热量摄入，增加膳食纤维。每周≥150分钟中等强度运动',2),
('BMI_OBESE_MILD','肥胖','BMI','bmi','physical_exam','>=',28,2,'肥胖（BMI={value}），建议减重','控制总热量摄入，避免高油高糖食物。每周≥150分钟中等强度有氧运动',3),
('BMI_OVERWEIGHT','超重','BMI','bmi','physical_exam','>=',24,1,'超重（BMI={value}），需注意体重管理','均衡饮食，增加蔬菜水果比例。每周运动3-5次，避免体重继续增长',4),
('BMI_UNDERWEIGHT','体重过轻','BMI','bmi','physical_exam','<',18.5,2,'体重过轻（BMI={value}），需排查原因','排查营养不良、慢性消耗性疾病。增加优质蛋白（鱼、蛋、奶）摄入，适当加餐',5),

('WAISTLINE_HIGH_M','腰围超标（男）','腰围','waistline','physical_exam','>=',90,1,'腰围超标（{value}cm），存在中心性肥胖风险','减少腹部脂肪堆积。增加核心肌群训练，控制精制碳水和饱和脂肪摄入',1),
('WAISTLINE_HIGH_F','腰围超标（女）','腰围','waistline','physical_exam','>=',85,1,'腰围超标（{value}cm），存在中心性肥胖风险','减少腹部脂肪堆积。增加核心肌群训练，控制精制碳水和饱和脂肪摄入',2),

('MULTI_MORBIDITY','多种慢病共存','病史','diseaseCount','aggregate','>=',3,2,'多种慢性病共存（≥{value}种），疾病管理复杂度较高','建议多学科协作管理，避免单病种孤立治疗。优先处理交互风险最高的疾病组合',1),
('DISEASE_UNCURED','存在未愈慢病','病史','diseaseCount','aggregate','>=',1,1,'存在{value}种未治愈慢性病，需建立长期管理方案','按病种建立个性化随访计划，定期复查相关指标',2),
('DISEASE_CVD','有心脑血管病史','病史','hasCVD','aggregate','==',1,2,'有心脑血管疾病史，需严格控制血压和血脂','低盐低脂饮食，遵医嘱服用抗血小板/调脂药物。注意头晕、胸闷等警示症状',3),
('DISEASE_DIABETES','有糖尿病史','病史','hasDiabetes','aggregate','==',1,2,'有糖尿病史，需持续血糖管理和并发症筛查','定期检查糖化血红蛋白、眼底、肾功能、足部。控制饮食+规律运动+规范用药',4),

('ALLERGY_DRUG_SEVERE','重度药物过敏','过敏','hasDrugAllergySevere','aggregate','==',1,3,'存在重度药物过敏（{allergens}），必须严格规避','处方前必须核对过敏史，在病历显著位置标注。避免使用该类药物及交叉过敏药物',1),
('ALLERGY_DRUG','有药物过敏史','过敏','hasDrugAllergy','aggregate','==',1,2,'存在药物过敏史（{allergens}），处方时需注意','开具新药前确认不含过敏成分，告知老人及家属过敏药物名称',2),
('ALLERGY_OTHER','有其他过敏史','过敏','hasOtherAllergy','aggregate','==',1,1,'存在过敏史（{allergens}），日常需注意避免接触','了解过敏原及过敏反应类型，日常注意规避',3),

('FAMILY_CANCER','有肿瘤家族史','家族史','hasFamilyCancer','aggregate','==',1,1,'有肿瘤家族史（{diseases}），建议关注相关筛查','根据家族肿瘤类型，按指南定期进行癌症筛查。保持健康生活方式降低风险',1),
('FAMILY_CVD_DM','有心脑血管代谢病家族史','家族史','hasFamilyCVD','aggregate','==',1,1,'有心脑血管代谢病家族史（{diseases}），需加强一级预防','严格控制血压血糖血脂。定期体检，早发现早干预',2),

('POLYPHARMACY','多重用药','用药','medicationCount','aggregate','>=',5,2,'多重用药（≥{value}种），药物相互作用风险增加','建议进行药物重整，评估每种药物的必要性。精简非必需用药，减少不必要联合用药',1),
('MED_MULTIPLE','多药联用','用药','medicationCount','aggregate','>=',3,1,'使用{value}种药物，需关注潜在的药物相互作用','定期评估用药方案。关注老人有无新发不适症状，排查是否为药物不良反应',2),
('MED_LONG_TERM','长期用药','用药','hasLongTermMed','aggregate','==',1,1,'存在长期用药（>1年），需评估继续用药的必要性','定期复查肝肾功能等相关指标，评估是否可减量或停药',3),

('SMOKE_CURRENT','当前吸烟','生活方式','smokingStatus','aggregate','==',1,2,'当前吸烟，增加心脑血管疾病、慢性阻塞性肺病及多种癌症风险','强烈建议戒烟。可转介戒烟门诊，必要时使用尼古丁替代疗法',1),
('DRINK_EXCESSIVE','饮酒量偏大','生活方式','drinkingStatus','aggregate','>=',2,2,'饮酒量偏大，可能与降压药、降糖药产生相互作用，增加肝损伤风险','建议将饮酒量减至最低或完全戒酒。空腹不饮酒，不与药物同服',2),
('EXERCISE_INSUFFICIENT','运动量不足','生活方式','exerciseFrequency','aggregate','<=',1,1,'运动量不足，不利于慢性病控制和身体功能维持','建议每周≥150分钟中等强度运动（快走、太极拳、健身操等），循序渐进',3),

('LIVING_ABILITY_LOW','生活自理能力下降','生活能力','livingAbility','aggregate','<=',2,2,'生活自理能力下降，需评估照护需求','评估居家环境安全性。必要时申请长期护理保险，安排居家照护或社区日间照料',1),
('DISABILITY_EXISTS','存在残疾情况','生活能力','hasDisability','aggregate','==',1,1,'存在残疾情况，需个性化照护方案','评估无障碍设施需求（扶手、坡道、助行器等）。制定个性化康复计划',2),
('FALL_RISK','跌倒高风险','生活能力','fallRisk','aggregate','==',1,2,'年龄较大且生活能力下降，跌倒风险较高','居家安全评估：加装扶手、浴室防滑垫、夜灯照明。鞋子防滑，起床遵循三部曲',3),

('WARNING_FREQUENT','预警频繁','预警','warningCount30d','aggregate','>=',3,2,'近30天健康预警频繁（{value}次），风险控制需加强','全面评估现有健康管理方案的有效性。排查预警反复触发的原因，必要时调整治疗策略',1),
('WARNING_UNHANDLED','存在待处理预警','预警','warningUnhandled','aggregate','>=',1,2,'仍有{value}条待处理预警，请及时跟进','逐一处理未关闭的预警事项。处理完毕后更新预警状态',2),
('WARNING_RED_LEVEL','曾触发红色预警','预警','hasRedWarning','aggregate','==',1,3,'近期曾触发红色等级预警，需高度警惕','回顾红色预警事件是否已妥善处理。排查有无复发迹象，确保应急方案就位',3),

('FOLLOWUP_OVERDUE','随访已逾期','随访','followupOverdue','aggregate','==',1,2,'存在随访计划已逾期（{days}天），管理出现空档','尽快联系老人或其家属，安排随访。可采用电话、上门或门诊等方式',1),
('FOLLOWUP_UPCOMING','随访日期临近','随访','followupDays','aggregate','<=',7,1,'下次随访日期临近，请提前做好准备','确认随访时间和方式。回顾上次随访结论，准备好本次随访重点关注事项',2),
('FOLLOWUP_LOW_COMPLIANCE','服药依从性不佳','随访','medCompliance','aggregate','<=',2,2,'服药依从性不佳，影响治疗效果','加强用药教育，简化用药方案（如复方制剂）。必要时家属协助监督，使用药盒或手机提醒',3),

('INTERVENTION_INEFFECTIVE','干预效果不理想','干预','interventionEffect','aggregate','<=',2,2,'最近干预效果欠佳，需重新评估方案','分析干预效果不佳的原因。必要时更换干预策略或多学科会诊',1),
('INTERVENTION_NONE','近期无干预记录','干预','hasRecentIntervention','aggregate','==',0,1,'近期无干预记录，建议对随访发现的问题及时跟进干预','将随访中发现的问题转化为干预措施，形成闭环管理',2),

('ASSESSMENT_OUTDATED','健康评估已过期','评估','daysSinceAssessment','aggregate','>=',180,1,'超过180天未进行健康评估，建议尽快完成新一轮评估','安排综合健康评估，全面更新老人健康状况认知',1),

('NURSING_ABNORMAL','护理发现异常','护理','hasNursingAbnormal','aggregate','==',1,2,'近期护理记录中存在异常情况，需医生关注','查看护理异常详情。必要时医生介入评估，调整护理或治疗方案',1),
('NURSING_GAP','护理需求未覆盖','护理','nursingGap','aggregate','==',1,1,'生活能力下降但目前无进行中的护理计划，存在照护缺口','评估护理需求等级，制定个性化护理计划',2),

('REFERRAL_ACTIVE','有进行中转诊','转诊','hasActiveReferral','aggregate','==',1,1,'存在进行中的转诊，请关注转诊进展和结果','跟进转诊进度。收到回转信息后及时更新健康档案',1),

('DEVICE_BOUND','已绑定监测设备','设备','hasDevice','aggregate','==',1,1,'已绑定{deviceNames}，体征数据持续回传中','定期查看设备数据，关注异常告警。确保设备电量充足、佩戴正确',1),
('DEVICE_NONE_ABNORMAL','异常体征未监测','设备','deviceGap','aggregate','==',1,1,'存在异常体征但未绑定对应监测设备，存在监测盲区','建议绑定血压计/血糖仪等设备，实现居家数据连续监测',2);
